[

{  
    "id":1,
    "TypeOfVaccine":"Anthrax",
    "Breed":"Dairy",
    "AgeOfVaccination":"3",
    "Dosage":1,
    "EffectiveAfter":10,
    "Duration": "12",
    "Revaccination":"Every 1 year"
},
 
{
    "id":2,
    "TypeOfVaccine":"Black Leg",
    "Breed":"Dairy",
    "AgeOfVaccination":"3",
    "Dosage":2,
    "EffectiveAfter":10,
    "Duration":"12",
    "Revaccination":"Every 1 year"
},

{  
    "id":3, 
    "TypeOfVaccine":"B.Pasteurollosis",
    "Breed":"Dairy",
    "AgeOfVaccination":"3",
    "Dosage":2,
    "EffectiveAfter":10,
    "Duration":"6-8",
    "Revaccination":"Every 1 year"
},

{    "id":4,
    "TypeOfVaccine":"CBPP",
    "Breed":"Dairy",
    "AgeOfVaccination":"6",
    "Dosage":1,
    "EffectiveAfter":14,
    "Duration":"12",
    "Revaccination":"Every 1 year"
},

{  
    "id":5,
    "TypeOfVaccine":"FMD",
    "Breed":"Dairy",
    "AgeOfVaccination":"6",
    "Dosage":4,
    "EffectiveAfter":14,
    "Duration":"12",
    "Revaccination":"Every 1 year"
},

{    "id":6,
    "TypeOfVaccine":"CBPP",
    "Breed":"Beef",
    "AgeOfVaccination":"6",
    "Dosage":1,
    "EffectiveAfter":14,
    "Duration":"12",
    "Revaccination":"Every 1 year"
},

{  
    "id":7,
    "TypeOfVaccine":"FMD",
    "Breed":"Beef",
    "AgeOfVaccination":"6",
    "Dosage":4,
    "EffectiveAfter":14,
    "Duration":"12",
    "Revaccination":"Every 1 year"
}


  ]