[
    {
        "id":1,
        "Age":4,
        "Weight":7.0,
        "DailyGaining":210,
        "FeedConsumption":0.35,
        "WaterConsumption":0.9
    },
    {
        "id":2,
        "Age":6,
        "Weight":12.0,
        "DailyGaining":400,
        "FeedConsumption":0.75,
        "WaterConsumption":1.9
    },
    {
        "id":3,
        "Age":8,
        "Weight":21.0,
        "DailyGaining":625,
        "FeedConsumption":1.0,
        "WaterConsumption":2.5
    },
    {
        "id":4,
        "Age":10,
        "Weight":30.0,
        "DailyGaining":655,
        "FeedConsumption":1.2,
        "WaterConsumption":3.0
    },
    {
        "id":5,
        "Age":12,
        "Weight":40.0,
        "DailyGaining":710,
        "FeedConsumption":1.4,
        "WaterConsumption":3.6
    },
    {
        "id":6,
        "Age":14,
        "Weight":61.0,
        "DailyGaining":805,
        "FeedConsumption":1.7,
        "WaterConsumption":42
    },
    {
        "id":7,
        "Age":16,
        "Weight":65.0,
        "DailyGaining":970,
        "FeedConsumption":1.9,
        "WaterConsumption":4.8
    },  {
        "id":8,
        "Age":18,
        "Weight":80.04,
        "DailyGaining":1020,
        "FeedConsumption":2.2,
        "WaterConsumption":5.5
    },
    {
        "id":9,
        "Age":20,
        "Weight":95.0,
        "DailyGaining":1120,
        "FeedConsumption":2.4,
        "WaterConsumption":6.0
    },
    {
        "id":10,
        "Age":22,
        "Weight":110.0,
        "DailyGaining":1100,
        "FeedConsumption":2.65,
        "WaterConsumption":6.9
    }
]