[
    {
        "id":1,
        "NameOfDisease":"Swine Fever",
        "Vaccine":"FD Lapinized",
        "FirstDose":25,
        "Booster":"1 month after",
        "Subsequent":6,
        "Dosage":2
    },
    {
        "id":2,
        "NameOfDisease":"Foot and Mouth",
        "Vaccine":"Raksha-ovac",
        "FirstDose":42,
        "Booster":"1 month after",
        "Subsequent":6,
        "Dosage":1
    },
    {
        "id":3,
        "NameOfDisease":"Haemorrhagic seppticaemia",
        "Vaccine":"Rakshatts",
        "FirstDose":60,
        "Booster":"1 month after",
        "Subsequent":12,
        "Dosage":1
    },
    {
        "id":4,
        "NameOfDisease":"Tuberclosis",
        "Vaccine":"B.C.G",
        "FirstDose":180,
        "Booster":"-",
        "Subsequent":24,
        "Dosage":1
    },
    {
        "id":5,
        "NameOfDisease":"Hog Cholera",
        "Vaccine":"Crystal Violet",
        "FirstDose":0,
        "Booster":"-",
        "Subsequent":12,
        "Dosage":2
    }
]